{"MAP_COVERAGE_UUID":"6c716c8c-b85d-4580-9036-d06def7b52ff","MAP_COVERAGE_REPLACE":true,"CELLGRP":{"6c716c8c-b85d-4580-9036-d06def7b52ff-arc-1":1},"CELLGRP_GEOM":{"6c716c8c-b85d-4580-9036-d06def7b52ff-arc-1":[[3510676.1634832295,5377993.496388956,0.0],[3510958.505441059,5377739.486323088,0.0]]}}